ORG_Size_Employees,ORG_Complexity_Locations,ORG_Complexity_Departments,ORG_Hierarchy_Layers,DEC_Authority_Dispersion,DEC_Authority_Delegation,DEC_Process_InformalCommunication,DEC_Process_InformalProcedures,STY_Analytical_DataDriven,STY_Participative_Inclusion,STY_Participative_Relational,STY_Organic_InformalStructure,STY_Organic_Adaptability,STY_Directive_Threats,STY_Directive_Compliance,CUL_Authority_Hierarchical,CUL_Integration_Vision,CUL_Integration_Systematic,CUL_Innovation_Experimental,CUL_Collaboration_Stakeholder,FLEX_Cognitive_Receptivity,FLEX_Behavioral_Adaptability,RISK_Appetite_Investment,ENV_Context_Growth,ENV_Context_Volatility,ENV_Context_Stability,PDM_Selected,PDM_Experience_DBB,PDM_Experience_DB,PDM_Experience_PDB,PDM_Experience_CMAR,PDM_Experience_IPD,Cluster,Membership_Score
12,1,8,2,4,5,3,3,3,5,5,3,4,2,2,2,4,2,3,4,4,4,3,2,2,3,Progressive Design-Build,5,5,5,5,2,2,0.5078400769473543
12,1,10,2,3,4,4,2,4,3,4,3,4,2,3,3,4,3,4,4,4,4,3,3,2,3,Progressive Design-Build,5,3,5,1,3,2,0.5041059135769596
8,1,5,3,5,4,5,3,5,4,4,3,3,2,3,3,5,4,3,4,3,3,2,3,3,3,Progressive Design-Build,5,5,3,5,2,2,0.5015230949175685
5,2,5,3,5,5,5,5,3,5,5,4,4,1,1,3,5,4,4,5,5,5,4,4,2,4,Construction Manager @ Risk,2,3,2,5,2,2,0.5314123014719946
2,4,6,7,3,3,3,3,3,3,3,3,3,3,3,3,3,3,3,3,3,3,3,3,3,3,Construction Manager @ Risk,1,1,3,3,3,1,0.5314525380595152
7,3,2,3,4,4,4,4,4,4,4,4,4,2,2,2,4,2,4,4,4,4,4,4,2,4,Construction Manager @ Risk,5,3,2,5,2,2,0.5326765407136395
4,5,6,7,3,3,3,3,3,3,3,3,3,3,3,3,3,3,3,3,3,3,3,3,3,3,Design-Build,5,3,2,3,1,1,0.5314796469850795
200,1,30,2,2,3,4,4,5,4,4,4,5,1,1,4,5,5,4,4,5,5,3,5,1,4,Construction Manager @ Risk,5,3,2,5,2,2,0.5169337766195857
50,2,8,3,3,2,3,2,3,4,3,3,3,2,3,4,3,4,2,3,2,3,2,4,3,4,Construction Manager @ Risk,5,5,3,5,5,1,0.5348257940263497
250,1,35,5,5,4,5,5,5,5,5,5,5,1,1,5,5,5,5,5,4,5,4,4,1,4,Integrated Project Delivery (IPD),5,5,5,5,5,2,0.5164287336243387
30,3,15,3,4,4,4,5,4,4,4,5,4,1,1,4,3,4,4,4,5,5,2,4,1,5,Integrated Project Delivery (IPD),5,5,2,5,5,2,0.5242618523892502
25,2,15,1,4,5,5,5,4,4,4,4,5,2,2,3,4,2,4,4,4,4,4,5,2,4,Integrated Project Delivery (IPD),5,2,3,3,3,2,0.5264516260265718
8,2,5,4,4,5,3,3,4,5,5,3,4,1,1,2,4,5,4,5,5,4,3,5,4,4,Integrated Project Delivery (IPD),3,5,2,3,5,2,0.5226185122909459
5,1,10,3,2,4,4,3,4,4,5,4,5,1,2,2,5,2,4,5,5,5,4,4,2,3,Integrated Project Delivery (IPD),5,5,2,5,5,2,0.5240790252970821
20,2,5,4,4,4,4,4,3,4,4,4,4,2,2,2,4,5,4,4,4,4,4,4,2,4,Design-Build,5,5,5,5,2,2,0.533986759917732
7,1,4,3,4,3,4,4,4,3,3,3,4,1,2,3,3,4,4,4,4,3,3,4,2,5,Integrated Project Delivery (IPD),3,5,1,1,2,2,0.5115989053322013
75,5,20,3,2,2,2,2,3,4,5,4,4,1,1,1,4,2,4,5,5,2,3,5,1,5,Construction Manager @ Risk,5,3,2,5,5,2,0.5050996063975809
5,1,6,3,3,4,4,4,3,3,4,4,5,4,3,3,2,3,4,5,2,3,1,2,4,3,Construction Manager @ Risk,5,2,1,5,3,1,0.5132408624355721
14,4,4,2,1,4,5,5,4,4,5,5,5,1,1,1,5,2,4,4,4,2,3,4,2,2,Integrated Project Delivery (IPD),5,3,1,5,5,2,0.5102094201808925
4,1,2,2,2,3,3,3,3,4,4,4,4,2,2,3,4,4,4,4,4,4,5,5,2,5,Construction Manager @ Risk,5,5,2,5,2,2,0.5162823734714255
6,1,6,3,4,2,3,3,4,4,3,3,4,3,3,5,4,3,2,4,3,4,3,3,2,4,Construction Manager @ Risk,5,5,5,5,5,1,0.5202236048781859
10,2,6,3,4,4,4,3,5,4,4,4,4,4,2,3,4,3,4,5,4,5,3,3,3,4,Design-Bid-Build,5,5,3,5,2,2,0.5196502927442757
3,3,4,3,4,2,3,2,1,3,4,3,5,3,3,4,4,3,3,4,4,3,2,4,3,4,Design-Build,5,5,3,2,1,1,0.5179685812265225
350,3,25,2,5,5,5,5,5,5,5,5,4,1,1,3,5,3,5,5,4,4,4,4,3,3,Integrated Project Delivery (IPD),5,5,2,3,5,2,0.5224512915815226
100,2,30,4,4,4,4,4,5,5,5,5,5,2,2,4,4,4,4,4,4,4,3,5,3,4,Construction Manager @ Risk,5,3,1,5,2,2,0.5195741364386892
30,1,6,4,3,2,5,5,2,4,5,5,5,1,1,1,2,2,5,5,5,5,2,5,1,5,Progressive Design-Build,5,3,5,3,2,2,0.5113415742731909
5,2,1,1,1,1,2,2,2,2,1,2,2,3,3,2,2,3,1,1,5,5,3,4,2,4,Design-Bid-Build,5,5,1,2,2,1,0.5134131904768547
10,115,10,3,4,4,4,4,4,4,4,5,5,3,3,4,5,4,3,4,5,4,2,4,3,4,Construction Manager @ Risk,5,5,2,5,5,2,0.504415560725223
15,1,4,2,1,2,3,3,2,4,3,3,2,1,1,5,4,2,3,4,5,4,3,4,1,4,Integrated Project Delivery (IPD),5,5,2,3,2,1,0.5045405500041192
41,1,4,2,3,4,4,4,4,4,4,4,4,1,1,4,4,4,4,4,4,4,4,4,1,4,Design-Build,5,5,2,5,2,2,0.5359257290558314
50,4,10,3,4,4,4,4,4,4,4,4,4,4,3,4,4,4,4,4,4,3,2,3,3,2,Design-Build,5,5,2,2,1,1,0.5007689188744208
100,10,12,3,4,4,4,2,3,4,2,2,3,3,2,4,3,4,2,3,4,4,2,2,2,4,Progressive Design-Build,5,3,3,3,1,1,0.5179015653264823
15,2,8,4,2,2,3,2,2,3,3,2,3,1,1,3,2,4,2,3,2,2,2,2,5,1,Design-Build,5,5,3,3,2,1,0.5192974583413917
10,3,3,2,5,5,4,5,4,5,5,4,4,1,1,4,5,3,4,5,5,4,5,4,3,3,Progressive Design-Build,3,5,5,3,3,2,0.5280710484123475
10,1,3,2,4,4,4,4,4,4,4,4,4,2,2,4,4,4,5,5,5,5,4,4,2,3,Construction Manager @ Risk,3,3,1,5,3,2,0.5388214381442742
3,1,1,2,3,5,4,4,5,5,4,2,2,1,1,1,4,2,4,3,1,1,4,3,3,4,Design-Bid-Build,5,3,2,2,1,1,0.5019835261920736
3,2,4,3,5,3,5,3,2,5,5,2,5,2,5,3,5,5,4,5,5,5,2,5,3,5,Design-Build,5,2,2,2,5,2,0.5109932775002445
10,1,7,9,4,2,2,2,3,2,4,3,4,1,1,4,4,2,3,3,4,3,2,3,2,3,Design-Bid-Build,5,2,2,2,2,1,0.5098599225850674
10,1,5,3,4,4,4,4,4,4,4,4,4,2,2,4,4,4,4,4,4,4,3,4,2,4,Construction Manager @ Risk,5,5,3,5,2,2,0.5718415517416585
30,1,12,3,3,5,3,3,5,5,4,3,4,2,3,4,5,5,3,5,5,5,3,5,2,2,Construction Manager @ Risk,2,2,2,5,2,2,0.5176792467882343
15,3,5,3,4,2,3,3,3,2,4,4,3,1,1,3,4,4,4,5,4,4,4,3,3,4,Design-Bid-Build,5,5,2,3,2,2,0.5052052180567848
40,1,12,4,4,3,4,4,4,5,5,3,4,1,2,4,5,2,4,5,5,4,2,5,2,5,Construction Manager @ Risk,5,3,2,5,1,2,0.5241612059290133
20,5,10,2,3,3,4,5,3,2,3,2,4,2,2,2,3,3,2,4,4,4,4,3,4,3,Construction Manager @ Risk,2,3,1,5,3,1,0.5086616079862202
4,1,8,3,4,2,4,4,4,4,4,3,4,2,2,2,4,3,4,4,5,4,4,5,2,5,Construction Manager @ Risk,5,1,1,5,2,2,0.5252540823426284
20,1,10,6,4,4,4,4,4,4,4,4,4,1,1,2,5,5,5,5,5,5,4,5,1,4,Construction Manager @ Risk,5,5,3,3,1,2,0.5243636480080117
15,2,4,4,4,2,4,4,4,2,3,3,5,3,2,4,4,4,4,4,2,3,2,4,2,4,Design-Bid-Build,5,2,2,5,3,1,0.511696019230756
75,1,20,3,4,4,5,2,4,3,5,5,5,1,1,3,5,3,4,5,5,4,3,5,3,4,Construction Manager @ Risk,5,3,5,5,3,2,0.5233653677842439
20,1,6,3,4,4,3,4,4,2,4,2,4,1,3,2,3,4,3,4,2,3,1,3,3,4,Design-Bid-Build,5,2,1,2,2,1,0.513384890700169
8,2,2,4,3,4,3,3,4,4,5,4,5,1,1,2,4,4,5,5,4,4,4,3,3,4,Construction Manager @ Risk,3,3,3,5,5,2,0.5246557900291453
12,1,5,3,2,3,4,4,4,4,5,5,5,1,1,4,5,3,4,4,5,2,3,4,2,4,Construction Manager @ Risk,5,5,5,5,2,2,0.5203670617861346
20,1,8,3,5,5,5,5,5,5,5,5,5,5,5,5,5,5,5,5,5,5,5,5,5,5,Construction Manager @ Risk,5,5,1,5,2,2,0.5125195458624436
100,2,30,5,4,4,2,2,4,5,5,2,5,1,3,1,5,5,4,5,5,2,1,3,1,5,Integrated Project Delivery (IPD),5,5,2,5,5,2,0.5050480316010669
20,3,6,3,4,4,4,4,2,4,2,2,4,1,1,4,4,4,4,4,2,2,1,3,1,4,Design-Bid-Build,5,5,3,3,2,1,0.5070339414457948
15,2,5,4,4,3,4,4,5,4,4,4,4,1,1,3,4,3,4,5,4,4,3,5,4,4,Construction Manager @ Risk,5,5,1,5,2,2,0.5269853846523963
25,1,3,1,5,4,4,2,4,3,4,4,4,1,1,4,5,5,4,5,5,4,4,5,1,5,Design-Build,5,5,3,5,3,2,0.5224696923037933
9,2,5,4,4,4,4,3,4,3,4,4,3,3,3,2,4,4,3,4,4,3,2,4,2,4,Design-Build,5,5,5,5,5,1,0.5055539629182103
3,3,4,4,5,3,3,5,4,3,5,5,4,5,4,4,4,5,5,5,3,2,5,5,4,3,Design-Bid-Build,5,5,1,5,3,2,0.5031740251452277
20,1,6,4,2,2,4,4,2,3,3,2,2,3,3,4,2,2,2,2,1,1,2,4,3,3,Design-Build,5,3,1,3,1,1,0.5241076865503853
20,9,17,3,4,3,4,2,3,4,2,3,5,4,4,4,4,5,2,2,4,4,4,2,3,2,Design-Build,5,3,3,3,2,1,0.5111642403821436
100,4,12,4,4,4,4,4,2,4,4,4,2,3,2,2,2,2,2,4,4,3,2,3,2,3,Design-Build,5,5,1,5,5,1,0.5146894735659794
6,2,5,2,4,4,2,2,4,4,3,4,4,2,3,3,3,4,4,4,4,3,3,4,3,4,Construction Manager @ Risk,5,5,2,3,3,1,0.5024124267314025
10,1,5,5,4,4,4,4,3,5,4,3,4,2,1,4,4,4,4,4,4,4,3,4,2,4,Design-Build,5,5,2,5,2,2,0.5266628639868509
30,2,3,3,4,5,5,5,5,2,5,5,5,5,5,5,5,5,5,5,5,5,5,5,5,5,Design-Bid-Build,5,1,1,1,1,2,0.5100053445367173
3700,125,1,2,1,1,1,1,1,1,1,4,1,5,5,5,1,5,1,1,1,1,1,3,5,4,Design-Build,5,5,5,2,2,1,0.5066389362508884
5,2,4,3,4,3,4,4,2,3,5,4,4,2,2,3,4,4,2,4,4,4,3,4,2,4,Progressive Design-Build,5,3,5,3,2,2,0.5082920474471786
20,1,3,1,2,4,2,2,2,4,4,4,3,1,2,4,4,4,4,4,5,4,3,5,3,3,Design-Bid-Build,5,5,3,3,1,2,0.5044998484437678
100,1,5,2,3,5,5,5,5,5,5,5,5,5,5,5,4,4,5,5,4,4,5,3,4,2,Design-Build,3,3,1,2,1,2,0.5084163539957346
2,1,2,3,1,1,3,3,3,2,2,4,2,1,2,3,2,2,3,4,3,4,1,2,2,2,Design-Bid-Build,5,5,2,2,3,1,0.5176509838539474
6,2,5,1,5,4,5,5,5,5,5,5,4,1,4,4,5,4,4,5,5,3,4,5,2,5,Design-Build,5,3,2,2,2,2,0.5237108270215765
5,2,3,2,3,2,4,4,2,3,3,4,4,2,2,4,3,3,3,4,4,3,3,4,3,2,Design-Bid-Build,5,3,3,3,1,1,0.5185405133672601
8,2,2,2,4,4,4,4,4,4,4,4,5,2,2,2,4,4,5,5,4,3,2,4,4,3,Design-Build,3,5,3,2,1,2,0.5213808809214635
3,1,4,3,5,4,3,4,3,4,4,4,4,4,3,4,2,4,3,2,4,2,2,4,2,4,Design-Build,5,5,2,5,1,1,0.5134602430942444
6,1,1,3,3,3,3,3,3,3,3,3,3,3,3,3,3,3,3,3,3,3,3,3,3,3,Construction Manager @ Risk,5,3,3,5,3,1,0.5530799909057224
10,30,6,3,3,2,2,1,2,2,3,2,2,1,1,2,2,4,1,2,1,2,2,4,2,5,Design-Build,5,5,2,3,2,1,0.5165622139314362
3,1,2,2,4,4,2,5,4,4,5,4,4,3,1,3,2,2,4,5,4,3,5,5,1,3,Design-Bid-Build,5,1,1,1,1,2,0.5109689633725549
5,1,10,3,4,5,5,5,4,3,5,5,4,1,1,3,5,3,5,5,5,5,3,5,1,4,Design-Build,5,5,2,2,1,2,0.5287532459764537
6,2,4,3,3,3,4,4,3,4,2,4,2,2,4,4,2,4,3,2,2,4,2,3,2,4,Construction Manager @ Risk,5,5,3,5,2,1,0.5221508333810116
3,1,2,2,4,4,3,3,4,5,5,4,5,4,4,4,3,3,4,4,5,4,4,4,2,4,Design-Build,5,3,2,2,2,2,0.5132588309398954
25,2,3,3,2,2,3,4,3,2,3,2,2,4,2,4,2,2,3,4,2,2,3,4,3,3,Design-Bid-Build,5,3,3,3,2,1,0.5249076601008799
30,1,3,5,2,4,4,4,1,2,1,4,1,4,4,2,2,2,1,1,1,1,1,2,4,2,Progressive Design-Build,2,5,3,5,2,1,0.5169896751297789
10,1,6,3,4,2,2,5,4,4,4,4,5,1,4,4,4,4,4,4,4,3,3,5,1,5,Design-Build,5,3,1,1,1,2,0.5105671576851752
16,1,1,3,3,2,2,2,4,3,4,4,4,5,5,5,3,4,4,3,4,1,1,1,1,4,Design-Build,5,3,2,3,2,1,0.5140584420461258
10,2,5,3,4,3,4,4,3,4,4,4,4,1,4,3,4,4,4,4,4,3,3,3,1,4,Design-Build,5,5,2,3,1,2,0.5115388680999813
5,2,3,2,4,3,3,3,3,4,4,4,3,2,2,2,4,4,4,5,4,4,3,4,1,4,Design-Build,5,3,1,3,1,2,0.51929123531249
10,2,3,3,4,4,4,4,4,4,4,4,4,3,3,3,4,4,3,4,3,3,3,3,3,3,Design-Bid-Build,5,3,3,3,3,1,0.5041586104283089
50,2,4,2,4,4,4,4,5,5,5,5,5,4,4,5,5,4,3,4,5,4,4,4,3,4,Progressive Design-Build,5,5,3,3,2,2,0.5168323688546841
20,2,3,5,4,2,3,3,4,4,3,4,2,3,3,4,2,2,2,2,3,2,3,4,2,4,Design-Build,5,5,2,3,2,1,0.5245957432630708
10,5,5,3,3,2,2,3,4,2,2,3,3,3,3,4,3,3,2,3,2,2,4,2,2,2,Design-Build,5,5,2,1,1,1,0.526589485958274
20,2,5,3,4,3,2,2,3,4,3,3,2,2,4,3,3,3,4,3,3,2,2,4,2,2,Progressive Design-Build,5,5,5,2,2,1,0.5250858289834952
8,5,6,2,4,4,4,4,4,4,4,4,4,1,1,4,4,4,4,4,4,4,2,3,3,4,Design-Bid-Build,5,3,2,1,1,2,0.530956849769826
15,3,4,3,4,4,5,3,2,1,1,3,2,1,2,4,3,2,2,1,2,1,1,5,5,1,Design-Bid-Build,5,3,1,1,1,1,0.5135200969606426
4,2,4,2,4,5,4,4,3,4,4,4,3,3,2,4,4,4,4,5,3,3,3,3,2,3,Design-Bid-Build,5,3,2,2,2,2,0.5102182383028053
10,1,4,2,5,4,4,4,3,5,4,4,3,3,3,5,4,5,4,4,5,4,4,5,5,5,Design-Bid-Build,3,3,2,3,3,2,0.5127125533647593
9,1,3,2,4,3,3,4,4,4,4,4,4,2,2,3,4,2,4,4,5,4,3,3,3,3,Design-Build,5,3,1,1,1,2,0.519135231922774
20,3,15,4,4,3,3,3,3,4,3,3,3,4,4,2,2,3,3,4,4,4,4,3,4,1,Design-Build,5,5,1,5,1,1,0.5145094577435068
5,3,3,3,3,3,4,4,4,4,4,3,4,1,1,3,4,5,3,4,5,4,4,4,1,2,Design-Build,5,5,3,5,1,2,0.5177761851257374
5,1,2,2,4,3,4,4,4,4,5,4,4,3,4,4,4,3,3,4,4,4,2,4,2,4,Design-Build,5,5,5,5,5,2,0.5084666042729201
20,1,3,4,1,2,4,4,1,2,2,4,2,4,4,4,2,2,1,2,2,1,2,4,4,4,Design-Bid-Build,5,5,3,2,1,1,0.5200121961989931
5,3,4,3,4,2,2,2,5,4,5,4,4,2,2,3,4,4,2,4,2,2,2,3,3,5,Design-Bid-Build,5,3,1,3,2,1,0.5107032713900002
20,2,3,3,4,4,3,3,4,4,4,4,4,1,1,4,4,3,4,4,3,2,4,4,2,4,Progressive Design-Build,3,2,3,2,1,2,0.51407430679997
10,1,2,2,4,4,3,3,5,4,4,4,5,2,2,4,4,4,3,4,4,2,1,4,2,4,Design-Build,5,3,2,5,2,2,0.5063707818703359
20,1,8,3,4,1,2,2,3,2,4,2,2,3,3,4,2,5,1,4,2,4,2,2,1,3,Design-Build,3,3,2,2,1,1,0.5190808711827855
40,2,5,3,4,4,5,5,2,4,3,3,4,1,1,4,4,4,4,4,4,4,4,3,1,5,Design-Build,5,5,5,5,1,2,0.5164932060588321
25,1,6,4,3,4,3,3,3,4,4,4,4,2,3,4,4,3,3,3,2,2,2,3,4,4,Design-Bid-Build,5,3,2,2,2,1,0.5257301327376322
20,1,8,6,3,4,3,3,3,4,3,3,2,3,1,4,4,4,4,4,4,2,2,2,4,3,Design-Build,5,3,3,2,3,1,0.5146714626124353
40,2,3,3,2,1,2,1,2,2,4,4,2,2,3,4,2,2,3,4,2,2,2,3,2,4,Design-Build,5,5,2,2,1,1,0.522265188492722
40,3,5,5,2,1,4,4,2,2,3,4,4,4,3,5,4,4,3,4,3,2,4,2,2,3,Design-Build,5,5,3,3,3,1,0.517959213760565
12,1,4,5,5,3,4,2,4,4,5,3,4,1,1,2,4,4,3,5,4,4,3,4,4,4,Design-Bid-Build,5,5,3,3,2,2,0.5119857922293437
100,25,1,5,3,2,2,2,3,3,4,4,4,4,5,5,5,4,3,4,5,5,4,3,1,5,Design-Build,5,5,3,2,2,1,0.503844363960501
